[
  {
    "line": 1,
    "elements": [
      {
        "before": [
          {
            "result": {
              "duration": 474721728,
              "status": "passed"
            },
            "match": {
              "location": "DSS_Import_LocationZoneUpdate_type.before(Scenario)"
            }
          },
          {
            "result": {
              "duration": 1220004,
              "status": "passed"
            },
            "match": {
              "location": "DSS_Import_Yield_Management_Update_Allocation_Limits.before(Scenario)"
            }
          }
        ],
        "line": 3,
        "name": "DSS Import LocationZoneUpdate type. Add a new Location to an existing Super-Zone where the new Location is unique within all Yield Group Mappings.",
        "description": "",
        "id": "uc95-amend-service-yield-management-parameters;dss-import-locationzoneupdate-type.-add-a-new-location-to-an-existing-super-zone-where-the-new-location-is-unique-within-all-yield-group-mappings.",
        "after": [
          {
            "result": {
              "duration": 995375229,
              "status": "passed"
            },
            "match": {
              "location": "DSS_Import_LocationZoneUpdate_type.printonword()"
            }
          },
          {
            "result": {
              "duration": 557520473,
              "status": "passed"
            },
            "match": {
              "location": "DSS_Import_Yield_Management_Update_Allocation_Limits.printonword()"
            }
          }
        ],
        "type": "scenario",
        "keyword": "Scenario",
        "steps": [
          {
            "result": {
              "error_message": "org.openqa.selenium.NoSuchWindowException: no such window: target window already closed\nfrom unknown error: web view not found\n  (Session info: chrome\u003d66.0.3359.139)\n  (Driver info: chromedriver\u003d2.36.540470 (e522d04694c7ebea4ba8821272dbef4f9b818c91),platform\u003dWindows NT 6.1.7601 SP1 x86_64) (WARNING: The server did not provide any stacktrace information)\nCommand duration or timeout: 0 milliseconds\nBuild info: version: \u00273.11.0\u0027, revision: \u0027e59cfb3\u0027, time: \u00272018-03-11T20:26:55.152Z\u0027\nSystem info: host: \u0027LIN17000231\u0027, ip: \u002710.74.151.139\u0027, os.name: \u0027Windows 7\u0027, os.arch: \u0027x86\u0027, os.version: \u00276.1\u0027, java.version: \u00271.8.0_131\u0027\nDriver info: org.openqa.selenium.chrome.ChromeDriver\nCapabilities {acceptInsecureCerts: false, acceptSslCerts: false, applicationCacheEnabled: false, browserConnectionEnabled: false, browserName: chrome, chrome: {chromedriverVersion: 2.36.540470 (e522d04694c7eb..., userDataDir: C:\\Users\\suvbaner\\AppData\\L...}, cssSelectorsEnabled: true, databaseEnabled: false, handlesAlerts: true, hasTouchScreen: false, javascriptEnabled: true, locationContextEnabled: true, mobileEmulationEnabled: false, nativeEvents: true, networkConnectionEnabled: false, pageLoadStrategy: normal, platform: XP, platformName: XP, rotatable: false, setWindowRect: true, takesHeapSnapshot: true, takesScreenshot: true, unexpectedAlertBehaviour: , unhandledPromptBehavior: , version: 66.0.3359.139, webStorageEnabled: true}\nSession ID: fbdb9680126363fee5573accc19e12dc\n*** Element info: {Using\u003dlink text, value\u003dLogin}\r\n\tat sun.reflect.NativeConstructorAccessorImpl.newInstance0(Native Method)\r\n\tat sun.reflect.NativeConstructorAccessorImpl.newInstance(Unknown Source)\r\n\tat sun.reflect.DelegatingConstructorAccessorImpl.newInstance(Unknown Source)\r\n\tat java.lang.reflect.Constructor.newInstance(Unknown Source)\r\n\tat org.openqa.selenium.remote.ErrorHandler.createThrowable(ErrorHandler.java:214)\r\n\tat org.openqa.selenium.remote.ErrorHandler.throwIfResponseFailed(ErrorHandler.java:166)\r\n\tat org.openqa.selenium.remote.http.JsonHttpResponseCodec.reconstructValue(JsonHttpResponseCodec.java:40)\r\n\tat org.openqa.selenium.remote.http.AbstractHttpResponseCodec.decode(AbstractHttpResponseCodec.java:80)\r\n\tat org.openqa.selenium.remote.http.AbstractHttpResponseCodec.decode(AbstractHttpResponseCodec.java:44)\r\n\tat org.openqa.selenium.remote.HttpCommandExecutor.execute(HttpCommandExecutor.java:158)\r\n\tat org.openqa.selenium.remote.service.DriverCommandExecutor.execute(DriverCommandExecutor.java:83)\r\n\tat org.openqa.selenium.remote.RemoteWebDriver.execute(RemoteWebDriver.java:545)\r\n\tat org.openqa.selenium.remote.RemoteWebDriver.findElement(RemoteWebDriver.java:319)\r\n\tat org.openqa.selenium.remote.RemoteWebDriver.findElementByLinkText(RemoteWebDriver.java:373)\r\n\tat org.openqa.selenium.By$ByLinkText.findElement(By.java:246)\r\n\tat org.openqa.selenium.remote.RemoteWebDriver.findElement(RemoteWebDriver.java:311)\r\n\tat org.openqa.selenium.support.pagefactory.DefaultElementLocator.findElement(DefaultElementLocator.java:69)\r\n\tat org.openqa.selenium.support.pagefactory.internal.LocatingElementHandler.invoke(LocatingElementHandler.java:38)\r\n\tat com.sun.proxy.$Proxy17.click(Unknown Source)\r\n\tat com.AtocDSS.DSSTestcases.PageFunctions.LoginPageObjects.verifylogin(LoginPageObjects.java:47)\r\n\tat com.AtocDSS.DSSTestcases.UC95.DSS_Import_LocationZoneUpdate_type.Logon_to_NRS_and_navigate_to_Maintain_Location_Zones(DSS_Import_LocationZoneUpdate_type.java:73)\r\n\tat ✽.Logon to NRS and navigate to Maintain Location Zones.(FeaturefilesUC95/UC95_LocationZoneUpdate.feature:4)\r\n",
              "duration": 6633004548,
              "status": "failed"
            },
            "line": 4,
            "name": "Logon to NRS and navigate to Maintain Location Zones.",
            "match": {
              "location": "DSS_Import_LocationZoneUpdate_type.Logon_to_NRS_and_navigate_to_Maintain_Location_Zones()"
            },
            "keyword": "Given "
          },
          {
            "result": {
              "status": "skipped"
            },
            "line": 5,
            "name": "Enquire on Super Zone - Pre-DSS Update.",
            "match": {
              "location": "DSS_Import_LocationZoneUpdate_type.Enquire_on_Super_Zone_Pre_DSS_Update()"
            },
            "keyword": "When "
          },
          {
            "result": {
              "status": "skipped"
            },
            "line": 6,
            "name": "To find last sequence number used",
            "match": {
              "location": "DSS_Import_LocationZoneUpdate_type.To_find_last_sequence_number_used()"
            },
            "keyword": "And "
          },
          {
            "result": {
              "status": "skipped"
            },
            "line": 7,
            "name": "Upload the XML file to App server /inbound/dss/in",
            "match": {
              "location": "DSS_Import_LocationZoneUpdate_type.Upload_the_XML_file_to_App_server_inbound_dss_in()"
            },
            "keyword": "And "
          },
          {
            "result": {
              "status": "skipped"
            },
            "line": 8,
            "name": "Logon to the Tandem Check status of PUB747.",
            "match": {
              "arguments": [
                {
                  "val": "747",
                  "offset": 39
                }
              ],
              "location": "DSS_Import_LocationZoneUpdate_type.Logon_to_the_Tandem_Check_status_of_PUB_(int)"
            },
            "keyword": "And "
          },
          {
            "result": {
              "status": "skipped"
            },
            "line": 9,
            "name": "run runBatchDSSin.sh",
            "match": {
              "location": "DSS_Import_LocationZoneUpdate_type.run_runBatchDSSin_sh()"
            },
            "keyword": "And "
          },
          {
            "result": {
              "status": "skipped"
            },
            "line": 10,
            "name": "Check the /inbound/dss/received folder",
            "match": {
              "location": "DSS_Import_LocationZoneUpdate_type.Check_the_inbound_dss_received_folder()"
            },
            "keyword": "And "
          },
          {
            "result": {
              "status": "skipped"
            },
            "line": 11,
            "name": "Check the file in /outbound/dss/in folder",
            "match": {
              "location": "DSS_Import_LocationZoneUpdate_type.Check_the_file_in_outbound_dss_in_folder()"
            },
            "keyword": "And "
          },
          {
            "result": {
              "status": "skipped"
            },
            "line": 12,
            "name": "run runDSSBatch.sh",
            "match": {
              "location": "DSS_Import_LocationZoneUpdate_type.run_runDSSBatch_sh()"
            },
            "keyword": "And "
          },
          {
            "result": {
              "status": "skipped"
            },
            "line": 13,
            "name": "Check the file in sent folder",
            "match": {
              "location": "DSS_Import_LocationZoneUpdate_type.Check_the_file_in_sent_folder()"
            },
            "keyword": "And "
          },
          {
            "result": {
              "status": "skipped"
            },
            "line": 14,
            "name": "Check the logs",
            "match": {
              "location": "DSS_Import_LocationZoneUpdate_type.Check_the_logs()"
            },
            "keyword": "And "
          },
          {
            "result": {
              "status": "skipped"
            },
            "line": 15,
            "name": "Download the xml file",
            "match": {
              "location": "DSS_Import_LocationZoneUpdate_type.Download_the_xml_file()"
            },
            "keyword": "And "
          },
          {
            "result": {
              "status": "skipped"
            },
            "line": 16,
            "name": "Validate the file",
            "match": {
              "location": "DSS_Import_LocationZoneUpdate_type.Validate_the_file()"
            },
            "keyword": "And "
          },
          {
            "result": {
              "status": "skipped"
            },
            "line": 17,
            "name": "Check the file in fax server",
            "match": {
              "location": "DSS_Import_LocationZoneUpdate_type.Check_the_file_in_fax_server()"
            },
            "keyword": "And "
          },
          {
            "result": {
              "status": "skipped"
            },
            "line": 18,
            "name": "Check the UI is updated",
            "match": {
              "location": "DSS_Import_LocationZoneUpdate_type.Check_the_UI_is_updated()"
            },
            "keyword": "Then "
          }
        ],
        "tags": [
          {
            "name": "@LocationZone"
          }
        ]
      }
    ],
    "name": "UC95 Amend Service Yield Management Parameters",
    "description": "",
    "id": "uc95-amend-service-yield-management-parameters",
    "keyword": "Feature",
    "uri": "FeaturefilesUC95/UC95_LocationZoneUpdate.feature",
    "tags": []
  }
]